Company,Role,Date Posted,Location,Link
Whatnot,Software Engineer Intern,2025-10-04,"**4 locations**San Francisco, CANew York, NYSeattle, WALos Angeles, CA",https://jobs.ashbyhq.com/whatnot/8250532f-4bfd-4ee5-a041-4a2e54047cf7
Seagate,Firmware Engineering Intern,2025-10-04,"Shakopee, MNLongmont, CO",https://seagatecareers.com/job/Shakopee-Firmware-Engineering-Internship-Summer-2026-MN/1331398300/
Lucid,"Embedded Software Intern, Summer 2026",2025-10-04,"Newark, CA",https://job-boards.greenhouse.io/lucidmotors/jobs/4918224007
Innovative Defense Technologies (IDT),Software Engineer Intern,2025-10-04,"Arlington, VAMount Laurel, NJ",https://jobs.jobvite.com/careers/idtus/job/oiEfyfwt/apply
Zebra Technologies,Software Engineering Intern,2025-10-01,"Vernon Hills, IL",https://zebra.eightfold.ai/careers/job/343635585848
Verizon Communications,Full Stack Software Development Intern,2025-10-01,"Irving, TX",https://verizon.wd12.myworkdayjobs.com/verizon-careers/job/Irving-Texas/Full-Stack-Software-Development-Summer-2026-Internship_R-1086181
Verizon Communications,Full Stack Software Development Intern,2025-10-01,"Irving, TX",https://verizon.wd12.myworkdayjobs.com/verizon-careers/job/Irving-Texas/Irving-V-Teamer-for-a-Day--Full-Stack-Software-Development-Summer-Internship-2026_R-1086183
The Aerospace Corporation,Data Engineering Intern - Imaging Spectroscopy Department,2025-10-01,"El Segundo, CA",https://aero.wd5.myworkdayjobs.com/external/job/El-Segundo-CA/XMLNAME-2026-Data-Engineering-Undergraduate-Intern_R013783
StoneX Group,Market Data Engineer Intern,2025-10-01,"Chicago, IL",https://careers-stonex.icims.com/jobs/13829/job
State Street,"Software Engineer Co-Op, Global Technology Services",2025-10-01,"Quincy, MA",https://statestreet.wd1.myworkdayjobs.com/en-US/Global/job/Quincy-Massachusetts/Software-Engineer--Co-Op_R-778495
State Street,Software Engineer Co-Op,2025-10-01,"Princeton, NJQuincy, MA",https://statestreet.wd1.myworkdayjobs.com/en-US/Global/job/Quincy-Massachusetts/Software-Engineer--Co-Op_R-778491
State Street,Efx Developer Co-Op,2025-10-01,"Quincy, MA",https://statestreet.wd1.myworkdayjobs.com/en-US/Global/job/Quincy-Massachusetts/eFX-Developer--Co-Op_R-778439
State Street,"Software Engineer Co-Op, Global Technology Services",2025-10-01,"Quincy, MA",https://statestreet.wd1.myworkdayjobs.com/en-US/Global/job/Quincy-Massachusetts/Software-Engineer--Co-Op_R-778492
State Street,"Software Engineer Co-Op, Global Technology Services",2025-10-01,"Quincy, MA",https://statestreet.wd1.myworkdayjobs.com/en-US/Global/job/Quincy-Massachusetts/Software-Engineer--Co-Op_R-778497
Sierra Nevada Coporation,Software Engineer 1,2025-10-01,"Reston, VA",https://snc.wd1.myworkdayjobs.com/snc_external_career_site/job/Herndon-VA/Software-Engineer-I--For-SNC-Summer-2025-Interns-Only-_R0028559
Samsung,Intern - System Software Engineer - CXL,2025-10-01,"San Jose, CA",https://job-boards.greenhouse.io/samsungsemiconductor/jobs/7478636003
Riot Games,Software Engineering Intern,2025-10-01,"Los Angeles, USA",https://www.riotgames.com/en/work-with-us/job/7254441/software-engineering-intern-summer-2026-remote-los-angeles-usa
Microsoft,"Software Engineer Intern, Fullstack",2025-10-01,"Cambridge, MA",https://jobs.careers.microsoft.com/global/en/job/1886465
Meta,Data Engineer Intern,2025-10-01,"Menlo Park, CA",https://www.metacareers.com/jobs/1285593229833650
"Medpace, Inc.",Web Developer Intern/Co-op,2025-10-01,"Cincinnati, OH",https://careers.medpace.com/jobs/11645
Lazard,Software Engineer Intern - Data Analytics Group,2025-10-01,NYC,https://lazard-careers.tal.net/vx/mobile-0/appcentre-ext/brand-4/candidate/so/pm/1/pl/2/opp/3796-2026-Software-Engineer-Summer-Internship-Lazard-Data-Analytics-Group/en-GB
Lazard,"Data Engineer Intern, Data Analytics Group",2025-10-01,NYC,https://lazard-careers.tal.net/vx/mobile-0/appcentre-ext/brand-4/candidate/so/pm/1/pl/2/opp/3798-2026-Data-Engineer-Summer-Internship-Lazard-Data-Analytics-Group/en-GB
LabCorp,ServiceNow Developer Intern,2025-10-01,"Durham, NC",https://labcorp.wd1.myworkdayjobs.com/external/job/Durham-NC/ServiceNow-Developer-Intern_2530483
KBR,Software Engineer Intern - National Security Solutions,2025-10-01,"Beavercreek, OH",https://kbr.wd5.myworkdayjobs.com/KBR_Careers/job/Beavercreek-Township-Ohio/National-Security-Solutions--NSS--Software-Engineer-Intern_R2112801
Electronic Arts,Software Engineer Intern - Recommendation Systems,2025-10-01,"San Carlos, CA",https://jobs.ea.com/en_US/careers/JobDetail/Software-Engineer-Intern/210881
Electronic Arts,"Software Engineer Intern, Commerce and Identity",2025-10-01,"San Carlos, CA",https://jobs.ea.com/en_US/careers/JobDetail/Software-Engineer-Intern/210926
Cardinal Health,Software Engineering Intern,2025-10-01,"Dublin, OH",https://cardinalhealth.wd1.myworkdayjobs.com/EXT/job/OH-Dublin-Cardinal-Place/Software-Engineering-Internship_20167964-1
Boston Scientific,Software Engineering Intern,2025-10-01,"Roseville, MN",https://bostonscientific.eightfold.ai/careers/job/563602808802462
Allegion,Software Engineering Verification Intern - Quality Assurance,2025-10-01,"Golden, CO",https://allegion.wd5.myworkdayjobs.com/careers/job/Golden-CO/Software-Engineering-Verification-Intern_JR33780
Uber,Software Engineer Intern,2025-09-27,"San Francisco, CA",https://university-uber.icims.com/jobs/149140/job
RESPEC,Software Engineering Intern,2025-09-26,"Richardson, TX",https://jobs.smartrecruiters.com/RESPECInc/744000083769455
Pendo,Software Engineer Intern,2025-09-26,"Raleigh, NC",https://job-boards.greenhouse.io/pendo/jobs/8185867002
Keysight Technologies,R&D Software Engineer Intern,2025-09-26,"Loveland, CO",https://jobs.keysight.com/jobs/49564?lang=en-us&icims=1
General Dynamics Mission Systems,Software Engineer Intern,2025-09-26,"Pittsfield, MA",https://careers-gdms.icims.com/jobs/68043/job?mobile=true&needsRedirect=false
Eaton Corporation,"Application Engineer Intern, Marketing",2025-09-26,"Chesterfield, MO",https://eaton.eightfold.ai/careers/job/687232641662
Berkshire Hathaway Energy,Data Engineer Intern,2025-09-26,"Des Moines, IA",https://fa-essf-saasfaprod1.fa.ocs.oraclecloud.com/hcmUI/CandidateExperience/en/sites/CX_1/jobs/job/10003571
PrizePicks,Software Engineering Intern,2025-09-26,"Atlanta, GA",http://prizepicks.com/position?gh_jid=7387802003
SICK,"Software Engineer Intern, AI/ML",2025-09-24,"Boston, MACanton, MA",https://jobs.sick.com/usa/job/Canton-Software-Engineering-Internship-(AIML)-MA-02021/37406-en_US/
Pinterest,Software Engineer Intern,2025-09-24,RemoteUS,https://www.pinterestcareers.com/jobs/7202269/software-engineer-intern-2026-remote-us/
Pinterest,Software Engineer Intern,2025-09-24,"Seattle, WA",https://www.pinterestcareers.com/jobs/7241510/software-engineer-intern-2026/
Pinterest,Software Engineer Intern,2025-09-24,"San Francisco, CAPalo Alto, CA",https://www.pinterestcareers.com/jobs/7210881/software-engineer-intern-2026/
Persona,Software Engineer Intern,2025-09-24,"San Francisco, CA",https://jobs.ashbyhq.com/persona/2c62ac4f-d004-4b5d-b403-c14baa5b3f26
Expedition Technology,Software Engineering Intern,2025-09-24,"Reston, VA",https://www.exptechinc.com/careers/?gh_jid=4916425007
Bracebridge Capital,Software Engineer Co-op,2025-09-24,"Boston, MA",https://job-boards.greenhouse.io/bracebridgecapital/jobs/4601209005
Boston Scientific,Software Development Engineer Intern,2025-09-24,"Waltham, MA",https://bostonscientific.eightfold.ai/careers/job/563602808714251
Waymo,"Software Engineering Intern, Commercialization",2025-09-23,"Mountain View, CASan Francisco, CA",https://careers.withwaymo.com/jobs/2026-summer-intern-bs-ms-software-engineering-commercialization-mountain-view-california-united-states-san-francisco
Robinhood,"Software Engineering Intern, Android",2025-09-23,"Menlo Park, CA",https://job-boards.greenhouse.io/robinhood/jobs/7239199
Keysight Technologies,R&D Software Engineer Intern,2025-09-23,"Santa Rosa, CA",https://jobs.keysight.com/jobs/49623?lang=en-us&icims=1
Keysight Technologies,R&D Software Engineering Intern,2025-09-23,"Loveland, CO",https://jobs.keysight.com/jobs/49524?lang=en-us&icims=1
Keysight Technologies,Software Developer Intern,2025-09-23,"Santa Rosa, CA",https://jobs.keysight.com/jobs/49650?lang=en-us&icims=1
IXL Learning,Software Engineer Intern,2025-09-23,"Raleigh, NC",https://www.ixl.com/company/jobs?gh_jid=8182875002
IXL Learning,Software Engineer Intern,2025-09-23,"San Mateo, CA",https://www.ixl.com/company/jobs?gh_jid=8182869002
Electronic Arts,Online Software Engineer Intern,2025-09-23,"Austin, TX",https://jobs.ea.com/en_US/careers/JobDetail/Online-Software-Engineer-Intern-SUMMER-2026/210918
Confluent,Software Engineering Intern,2025-09-23,"Toronto, CAN",https://careers.confluent.io/jobs/job/974fa008-7174-4e6f-a89c-8c6cce70ae7e
Boston Scientific,AIS R&D Systems Engineer Intern,2025-09-23,"Roseville, MN",https://bostonscientific.eightfold.ai/careers/job/563602808636860
Elayne,Software Engineer Intern,2025-09-20,"New York, NY",https://www.workatastartup.com/jobs/81959
Zurn Elkay Water Solutions Corporation,"Embedded Firmware Intern, Milwaukee Headquarters",2025-09-19,"Milwaukee, WI",https://elkay.wd1.myworkdayjobs.com/elkay_external/job/Milwaukee-WI/XMLNAME--DO-NOT-POST--IoT-Firmware-Intern--Summer-2026-_REQ-018907
Zurn Elkay Water Solutions Corporation,"Embedded Firmware Intern,",2025-09-19,"Milwaukee, WI",https://elkay.wd1.myworkdayjobs.com/Elkay_External/job/Milwaukee-WI/XMLNAME--DO-NOT-POST--IoT-Firmware-Intern--Summer-2026-_REQ-018907
Waymo,"Systems Engineering Intern, Behaviors",2025-09-19,"San Francisco, CA",https://careers.withwaymo.com/jobs/2026-summer-intern-bs-ms-systems-engineering-behaviors-san-francisco-california-united-states
Voloridge Health,Health Software Engineer Intern,2025-09-19,"Jupiter, FL",https://voloridge-health.hiringthing.com/job/958323/health-software-engineer-intern-2026
Universal Orlando Resort,"Software Development Intern, Resort Accessibility And Compliance",2025-09-19,"Orlando, FL",https://jobs.universalparks.com/job/22443305/internship-software-development-resort-accessibility-and-compliance-summer-2026-orlando-fl
SharkNinja,Mobile App Developer Intern,2025-09-19,"Needham, MA",https://careers.sharkninja.com/job/-/-/47204/86214487568
SharkNinja,Software Engineering Intern,2025-09-19,"Madison, TN",https://careers.sharkninja.com/job/-/-/47204/86214487840
SAP,"Python Developer Intern, iXp",2025-09-19,"Newtown Square, PA",https://jobs.sap.com/job/Newtown-Square-SAP-iXp-Intern-Python-Developer-PA-19073/1237973101/
Rippling,Full Stack Software Engineer Intern,2025-09-19,"San Francisco, CA",https://ats.rippling.com/en-GB/rippling/jobs/2f242b59-eee3-41f5-a5d7-55b7545cb9fb
Rippling,"Software Engineer Intern, Backend Focused",2025-09-19,"New York, NYSan Francisco, CA",https://ats.rippling.com/en-GB/rippling/jobs/e4caf979-a0aa-48c8-94f6-31bb3deeef5b
Micron Technology,"Software Engineer Intern, HBM",2025-09-19,"Richardson, TX",https://careers.micron.com/careers/job/38038147
L3Harris,Software Engineer Intern,2025-09-19,"Rockwall, TX",https://careers.l3harris.com/en/job/-/-/4832/86251645088
Impel,Software Engineer Intern,2025-09-19,"Syracuse, NYNew York, NY",https://myjobs.adp.com/impeljobs/cx/job-details?reqId=5001151417706
Home Depot,Software Engineer Intern,2025-09-19,"Atlanta, GARemote",https://careers.homedepot.com/job/22430119/software-engineer-internship-summer-2026-remote-remote
Grammarly,Software Engineering Intern,2025-09-19,"San Francisco, CA",https://www.grammarly.com/careers/jobs/engineering/software-engineering-intern-summer-2026-?gh_jid=7255327
Exegy,Software Engineer Intern,2025-09-19,"St. Louis, MO",https://jobs.ashbyhq.com/exegy/6ae2d836-21a3-4132-bd85-722177ab5cf5
Corteva Agriscience,Software Engineer Intern,2025-09-19,"Des Moines, IA",https://corteva.wd5.myworkdayjobs.com/corteva/job/Des-Moines-Iowa-United-States/Software-Engineer-Intern_243147W
Brilliant,Software Engineering Intern,2025-09-19,"New York, NY",https://jobs.lever.co/brilliant/758ab26f-5a61-4079-918f-f984d9818391
Booz Allen,"Software Developer Intern, 2026 Summer Games",2025-09-19,"McLean, VA",https://careers.boozallen.com/careers/JobDetail?jobId=115778
Astronautics,Software Engineering Intern,2025-09-19,"Oak Creek, WI",https://myjobs.adp.com/astronautics/cx/job-details?reqId=5001151496906
Apex Fintech Solutions,Software Engineering Intern,2025-09-19,"Austin, TX",https://careers.peak6.com/jobs/business-operation-services/austin-texas-united-states-of-america/software-engineering-intern/JR103564
AMD,Software Engineering Intern/Co-op,2025-09-19,"San Jose, CASanta Clara, CA",https://careers.amd.com/careers-home/jobs/71723/job
OpenAI,Software Engineer Intern/Co-op,2025-09-16,"San Francisco, CASeattle, WA",https://jobs.ashbyhq.com/openai/566ce27d-8a1c-497c-a301-0912010d7b29
Seagate,Software Engineering Intern,2025-09-15,"Longmont, CO",https://seagatecareers.com/job/Longmont-Software-Engineering-Intern-Summer-2026-CO-80501/1325866700/
Seagate,"Firmware Engineer Intern, Research",2025-09-15,"Shakopee, MN",https://seagatecareers.com/job/Shakopee-Firmware-EngineerResearch-Intern-Summer-2026-MN/1325865400/
Meta,"Software Engineer Intern, Co-op",2025-09-15,"Bellevue, WA",https://www.metacareers.com/jobs/1471056164046415
Klaviyo,Full-stack Software Engineer Intern,2025-09-15,"Boston, MA",https://job-boards.greenhouse.io/klaviyocampus/jobs/7144362003
ICF,Software Developer Intern,2025-09-15,Remote,https://careers.icf.com/us/en/job/IIIIIIUSR2502588EXTERNALENUS/2026-Summer-Intern-Software-Developer
Duolingo,Software Engineer Intern,2025-09-15,"Pittsburgh, PA",https://careers.duolingo.com/jobs/8155655002
Duolingo,"Software Engineer Intern, Thrive",2025-09-15,"Pittsburgh, PA",https://careers.duolingo.com/jobs/8150883002
Cox Automotive,"Software Engineering Intern, Draper",2025-09-15,"Draper, UT",https://jobs.coxenterprises.com/en/jobs/r202566778/software-engineering-intern-summer-2026-draper-ut/
CDK Global,Software Engineering Intern,2025-09-15,"Austin, TXPortland, ORHoffman Estates, IL",https://cdk.wd1.myworkdayjobs.com/cdk/job/Austin-TX-USA/Software-Engineering-Intern_JR8327
Intuit,Backend Engineering Intern,2025-09-13,"**4 locations**Mountain View, CASan Diego, CANew York, NYAtlanta, GA",https://jobs.intuit.com/job/mountain-view/summer-2026-backend-engineering-intern/27595/86084163280
Intuit,Full Stack Engineering Intern,2025-09-13,"**4 locations**Mountain View, CASan Diego, CANew York, NYAtlanta, GA",https://jobs.intuit.com/job/mountain-view/summer-2026-full-stack-engineering-intern/27595/86084161280
Intuit,"Software Engineer Intern, Mobile(iOS/Android)",2025-09-13,"**4 locations**Mountain View, CASan Diego, CANew York, NYAtlanta, GA",https://jobs.intuit.com/job/mountain-view/summer-2026-mobile-ios-android-intern/27595/86084161264
Tyler Technologies,Software Development Intern,2025-09-12,"Lubbock, TX",https://jobs.jobvite.com/careers/tylertech/job/oreVxfwR
Trane Technologies,Software Development Engineering Intern,2025-09-12,"St Paul, MN",https://careers.tranetechnologies.com/global/en/job/TRTEGLOBAL2505287EXTERNALENGLOBAL/Software-Development-Engineering-Intern
Staples,"Software Engineering Intern, SDS e-Commerce",2025-09-12,"Framingham, MA",https://careers.staples.com/en/job/-/-/44412/86032290864
Spectrum,Software Engineer Intern,2025-09-12,"Austin, TX",https://jobs.spectrum.com/job/-/-/4673/86043539312
Solarity,Software Engineer Intern,2025-09-12,"Sioux Falls, SD",https://www.paycomonline.net/v4/ats/web.php/jobs/ViewJobDetails?job=235750&clientkey=43D75E2DF3DFB76BCB85A922B26DE5FA
Rilla,Software Engineer Intern,2025-09-12,"New York, NY",https://jobs.ashbyhq.com/rilla/123a6a38-c7f9-4378-b00d-c6ae54688bd5
Red Hat,Software Engineer Intern,2025-09-12,"Boston, MALowell, MA",https://redhat.wd5.myworkdayjobs.com/jobs/job/Boston/Software-Engineer-Intern_R-050437
Oshkosh,Software Engineer Intern,2025-09-12,"Greencastle, PAFrederick, MD",https://careers.oshkoshcorp.com/us/en/job/OCNOCKUSR39717EXTERNALENUS/Software-Engineer-Intern
Origami Risk,Software Engineer Intern,2025-09-12,"Chicago, IL",https://careers-origamirisk.icims.com/jobs/3855/job
Moody's,Data Engineering Intern,2025-09-12,"New York, NY",https://careers.moodys.com/moody-s-ratings-technology-summer-internship-data-engineering/job/10710
MongoDB,Software Engineering Intern,2025-09-12,"Austin, TXNew York, NYSan Francisco, CA",https://www.mongodb.com/careers/jobs/7239454
Microsoft,"Software Engineer Intern, Fullstack",2025-09-12,"Redmond, WA",https://jobs.careers.microsoft.com/global/en/job/1860947/Software-Engineer%3A-Fullstack-Intern-Opportunities-for-University-Students%2C-Redmond
Microsoft,"Software Engineer Intern, Applied AI/ML",2025-09-12,"Redmond, WA",https://jobs.careers.microsoft.com/global/en/job/1872468/Software-Engineer%3A-Applied-AI%2FML-Intern-Opportunities-for-University-Students%2C-Redmond
Microsoft,"Software Engineer Intern, Frontend",2025-09-12,"Redmond, WA",https://jobs.careers.microsoft.com/global/en/job/1861019/Software-Engineer%3A-Frontend-Intern-Opportunities-for-University-Students%2C-Redmond
Microsoft,"Software Engineer Intern, Fullstack",2025-09-12,"Atlanta, GA",https://jobs.careers.microsoft.com/global/en/job/1861022/Software-Engineer%3A-Fullstack-Intern-Opportunities-for-University-Students%2C-Atlanta
Microsoft,"Software Engineer Intern, Security",2025-09-12,"Redmond, WA",https://jobs.careers.microsoft.com/global/en/job/1861017/Software-Engineer%3A-Security-Intern-Opportunities-for-University-Students%2C-Redmond
Microsoft,"Software Engineer Intern, Systems",2025-09-12,"Redmond, WA",https://jobs.careers.microsoft.com/global/en/job/1860982/Software-Engineer%3A-Systems-Intern-Opportunities-for-University-Students%2C-Redmond
Lennox,Embedded Software Intern,2025-09-12,"Carrollton, TX",https://uscareers-lennox.icims.com/jobs/50063/job
Garmin,"Software Engineer Intern, Aviation Web Development",2025-09-12,"Middlebury, CT",https://careers.garmin.com/jobs/17150/job
Fintech,Software Engineering Intern,2025-09-12,"Tampa, FL",https://recruiting.ultipro.com/FIN1008FICT/JobBoard/c0ae7303-ee90-41c6-b44a-abf63303ceb4/OpportunityDetail?opportunityId=cf27351e-5100-4731-8882-c7bf9ba1451f
EagleView,Software Engineer Intern,2025-09-12,RemoteUS,https://careers-eagleview.icims.com/jobs/2594/job
CNA,"Technology Intern, Software Engineering",2025-09-12,"Chicago, IL",https://cna.wd1.myworkdayjobs.com/en-US/CNA_Careers/job/Chicago-IL-USA/Technology-Internship-Program--Software-Engineering-_R-6394-1
Align Technology,"Software Engineering Intern, 3D Product Research and Development",2025-09-12,"Raleigh, NC",https://jobs.aligntech.com/en/postings/748d529c-e3ab-4f4b-a242-3cd8ae84e8b0
Zebra,Web Application Engineer Intern,2025-09-11,"Holtsville, NY",https://careers.zebra.com/careers/job/343627917245
Zebra,Firmware Engineer Intern,2025-09-11,"Holtsville, NY",https://careers.zebra.com/careers/job/343627917244
Wind River,Embedded Software Engineer Intern,2025-09-11,"Walnut Creek, CASan Diego, CACupertino, CA",https://jobs.jobvite.com/windriver/job/ooShxfwO
Voloridge Investment Management,Software Engineer Intern,2025-09-11,"Jupiter, FL",https://voloridge-investment-management.hiringthing.com/job/956221/software-engineer-intern-2026
Suno,Software Engineering Intern,2025-09-11,"Cambridge, MA",https://jobs.ashbyhq.com/suno/35b8b187-b136-4bf6-af4d-b28ff892dc53
"Martin's Famous Pastry Shoppe, Inc.",Software Engineering Intern,2025-09-11,"Chambersburg, PA",https://phh.tbe.taleo.net/phh01/ats/careers/v2/viewRequisition?org=MARTFAMO&cws=37&rid=5499
"Block, Inc.",Software Engineer Intern,2025-09-11,"RemoteBay Area, CA",https://block.xyz/careers/jobs/4904196008
Reframe Systems,Software Engineer and Full Stack Robotics Intern,2025-09-10,"Andover, MA",https://jobs.ashbyhq.com/reframesystems/76b3c3d9-c741-4707-bd38-1d5e75781520/application
General Dynamics Mission Systems,Software Engineering Intern,2025-09-10,"Dedham, MA",https://careers-gdms.icims.com/jobs/67909/job?mobile=true&needsRedirect=false
Emerson Electric,Software Engineering Intern,2025-09-10,"Shakopee, MNEden Prairie, MN",https://hdjq.fa.us2.oraclecloud.com/hcmUI/CandidateExperience/en/sites/CX_1/jobs/job/25025030
Emerson Electric,Firmware Engineering Intern,2025-09-10,"Shakopee, MNEden Prairie, MN",https://hdjq.fa.us2.oraclecloud.com/hcmUI/CandidateExperience/en/sites/CX_1/jobs/job/25024968
Citizens Financial Group,Data Engineer Intern,2025-09-10,"Providence, RINorwood, MAPhoenix, AZ",https://hcgn.fa.us2.oraclecloud.com/hcmUI/CandidateExperience/en/sites/CX_1/jobs/job/41933
Shure,Embedded Software Development Intern,2025-09-09,"Niles, IL",https://careersus-shure.icims.com/jobs/4426/job
Shure,Software Engineering Intern,2025-09-09,"Niles, IL",https://careersus-shure.icims.com/jobs/4438/job
Scale.ai,Software Engineering Intern,2025-09-09,"San Francisco, CA",https://job-boards.greenhouse.io/scaleai/jobs/4606014005
Vast,Software Engineering Intern,2025-09-08,"Long Beach, CA",https://job-boards.greenhouse.io/vast/jobs/4594952006
Datadog,Software Engineering Intern,2025-09-08,"Boston, MANew York, NY",https://careers.datadoghq.com/detail/7158137/
Cox Enterprises,"Software Engineering Intern, North Hills",2025-09-08,"North Hills, NY",https://jobs.coxenterprises.com/en/jobs/r202566837/software-engineering-intern-north-hills-ny/
Cboe Global Markets,"Software Engineer Intern, Data Vantage",2025-09-08,"Chicago, ILKansas City, MONew York, NY",https://careers.cboe.com/us/en/job/CBJCGMUSR4116EXTERNALENUS/Software-Engineer-Intern-Data-Vantage
Cboe Global Markets,"Software Engineer in Test Intern, Data Vantage Engineering",2025-09-08,"Chicago, ILKansas City, MONew York, NY",https://careers.cboe.com/us/en/job/CBJCGMUSR4157EXTERNALENUS/Software-Engineer-in-Test-Intern-Data-Vantage-Engineering
Tradeweb,Full Stack Java Developer Intern,2025-09-07,"Jersey City, NJ",https://ecnf.fa.us2.oraclecloud.com/hcmUI/CandidateExperience/en/sites/CX/job/301414
Tradeweb,Java Developer Intern,2025-09-07,"Jersey City, NJ",https://ecnf.fa.us2.oraclecloud.com/hcmUI/CandidateExperience/en/sites/CX/job/301416
Tradeweb,Java Developer Intern,2025-09-07,"Jersey City, NJ",https://ecnf.fa.us2.oraclecloud.com/hcmUI/CandidateExperience/en/sites/CX/job/301417
Tradeweb,STP Developer Intern,2025-09-07,"Jersey City, NJ",https://ecnf.fa.us2.oraclecloud.com/hcmUI/CandidateExperience/en/sites/CX/job/301421
Tradeweb,"Software Engineer Intern, R8fin",2025-09-07,"Jersey City, NJ",https://ecnf.fa.us2.oraclecloud.com/hcmUI/CandidateExperience/en/sites/CX/job/301423
Tradeweb,Full Stack Java Developer Intern,2025-09-07,"Jersey City, NJ",https://ecnf.fa.us2.oraclecloud.com/hcmUI/CandidateExperience/en/sites/CX/job/301413
Tradeweb,Distributed Systems Developer Intern,2025-09-07,"Jersey City, NJ",https://ecnf.fa.us2.oraclecloud.com/hcmUI/CandidateExperience/en/sites/CX/job/301412
ServiceNow,Software Engineer Intern,2025-09-07,"San Diego, CA",https://jobs.smartrecruiters.com/ServiceNow/744000079993731
Pella Corporation,Software Engineer Intern,2025-09-07,"Pella, IA",https://ebgj.fa.us2.oraclecloud.com/hcmUI/CandidateExperience/en/sites/CX_1/job/248277
ICD,"Software Engineering Intern, ICD",2025-09-07,"Jersey City, NJ",https://ecnf.fa.us2.oraclecloud.com/hcmUI/CandidateExperience/en/sites/CX/job/301415
Decagon,Agent Software Engineer Intern,2025-09-07,"San Francisco, CA",https://jobs.ashbyhq.com/decagon/aa9c9d2a-aba9-429e-bf91-8303247fbcd6
AVEVA,Software Developer Intern,2025-09-07,"**4 locations**Lake Forest, CAPhiladelphia, PASan Leandro, CAScottsdale, AZ",https://aveva.wd3.myworkdayjobs.com/en-US/AVEVA_careers/job/Lake-Forest-California-United-States-of-America/Software-Developer-Intern--US_R011627
Arm,Software Engineer Intern,2025-09-07,"**4 locations**Austin, TXBoston, MASan Diego, CASan Jose, CA",https://careers.arm.com/job/austin/intern-software-engineer/33099/85831486384
Ameritas Life Insurance Corp,"Software Developer Intern, Packaged Systems",2025-09-07,Remote,https://myjobs.adp.com/ameritasexternal/cx/job-details?reqId=5001146090600
Eventual,Software Engineering Intern,2025-09-06,"San Francisco, CA",https://www.workatastartup.com/jobs/81229
The Toro Company,Software Engineering Intern,2025-09-05,"Bloomington, MN",https://jobs.thetorocompany.com/job/-/-/40062/85777272928
Plaid,Software Engineer Intern,2025-09-04,"San Francisco, CANew York, NY",https://app.ripplematch.com/v2/public/job/146d369a
Cloudglue - YC,Full-Stack AI Engineer Intern,2025-09-03,"San Francisco, CARemote",https://www.workatastartup.com/jobs/80989
Stripe,Software Engineer Intern,2025-09-02,"South San Francisco, CASeattle, WANew York, NY",https://stripe.com/jobs/listing/software-engineer-intern-summer-and-winter/7210115
Pierce Manufacturing,Software Engineer Intern,2025-09-02,"Greenville, WIOshkosh, WI",https://careers.oshkoshcorp.com/us/en/job/R40623/Engineer-Intern-Software-Summer-2026
NVIDIA,Software Engineering Intern,2025-09-02,"Santa Clara, CA",https://nvidia.wd5.myworkdayjobs.com/en-US/NVIDIAExternalCareerSite/job/NVIDIA-2026-Internships--Software-Engineering-_JR2003206
NVIDIA,Systems Software Engineering Intern,2025-09-02,"Santa Clara, CA",https://nvidia.wd5.myworkdayjobs.com/en-US/NVIDIAExternalCareerSite/job/NVIDIA-2026-Internships--Systems-Software-Engineering_JR2003204
McNeilus,Software Engineer Intern,2025-09-02,"Dodge Center, MN",https://careers.oshkoshcorp.com/us/en/job/OCNOCKUSR40813EXTERNALENUS/Engineer-Intern-Software-Summer-2026
BAE Systems,Software Engineering Intern,2025-09-02,"San Diego, CA",https://jobs.baesystems.com/global/en/job/BAE1US115385BREXTERNAL/Software-Engineering-Intern-Summer-2026
YouLearn - YC,Software Engineering Intern,2025-08-30,"San Francisco, CA",https://www.workatastartup.com/jobs/80757
ThirdLayer- YC(W25),Full-Stack Engineer Intern,2025-08-30,"San Francisco, CA",https://www.workatastartup.com/jobs/80751
Dow Jones,"Software Development Intern, OPIS",2025-08-30,"Gaithersburg, MD",https://dowjones.jobs/gaithersburg-md/summer-2026-internship-opis-software-development-intern/747839E0165045449869A77FCB5233B1/job/
Charles Schwab,Software Engineering Intern,2025-08-30,"**5 locations**Southlake, TXAustin, TXWestlake, TXAnn Arbor, MIIndianapolis, IN",https://www.schwabjobs.com/job/southlake/2026-charles-schwab-technology-intern-software-engineering/33727/85564474864
AMD,Software Engineering Intern,2025-08-30,"**4 locations**Austin, TXFort Collins, COBoxborough, MALongmont, CO",https://careers.amd.com/careers-home/jobs/70483/job
Red Hat,Software Engineer Intern,2025-08-29,"Raleigh, NCBoston, MALowell, MA",https://redhat.wd5.myworkdayjobs.com/en-US/jobs/details/Software-Engineer-Intern_R-050088?q=intern
DraftKings,Software Engineer Intern,2025-08-29,"Boston, MA",https://draftkings.wd1.myworkdayjobs.com/Campus_Career_Portal/job/Boston-MA/Software-Engineer-Intern--Summer-2026-_JR12655
Cloudflare,Software Engineering Intern,2025-08-29,"Austin, TX",https://job-boards.greenhouse.io/cloudflare/jobs/7206269
Appian,Software Engineering Intern,2025-08-29,"McLean, VA",https://careers.appian.com/jobs/7201613-software-engineering-intern
AMD,Software Engineer Intern,2025-08-29,"**4 locations**Austin ,TXFort Collins, COLongmont, COBoxborough , MA",https://careers.amd.com/careers-home/jobs/70483?lang=en-us
Upsolve,Software Engineering Intern,2025-08-28,Remote,https://www.workatastartup.com/jobs/80380
ThirdLayer,Full-Stack Engineer Intern,2025-08-28,"San Francisco, CA",https://www.workatastartup.com/jobs/76659
Stack Auth,SWE Intern,2025-08-28,"San Francisco, CA",https://www.workatastartup.com/jobs/80350
Relixir (X25),"Software Engineer Intern, Backend & AI",2025-08-28,"San Francisco, CARemote",https://www.workatastartup.com/jobs/80569
Relixir,Forward Deployed Software Engineering Intern,2025-08-28,"San Francisco, CARemote",https://www.workatastartup.com/jobs/80570
Readily (S23),Full-Stack Engineering Intern,2025-08-28,"San Francisco, CA",https://www.workatastartup.com/jobs/80462
Reacher,Software Engineer Intern,2025-08-28,"San Francisco, CALos Angeles, CA",https://www.workatastartup.com/jobs/80430
Promptless,Software Engineering Intern,2025-08-28,"San Francisco, CA",https://www.workatastartup.com/jobs/80434
Garmin,"Software Engineer Intern, Embedded",2025-08-28,"Olathe, KS",https://careers.garmin.com/jobs/16828/job
Garmin,"Software Engineer Intern, Web/DevOps",2025-08-28,"Olathe, KS",https://careers.garmin.com/jobs/16829?lang=en-us
Garage (W24),Software Engineering Intern,2025-08-28,"New York, NY",https://www.workatastartup.com/jobs/80381
Fresco (F24),"AI SWE Intern, Fleet Health Instrumentation",2025-08-28,"San Francisco, CA",https://www.workatastartup.com/jobs/80559
FleetWorks,Software Engineering Intern,2025-08-28,"San Francisco, CA",https://www.workatastartup.com/jobs/80560
Ember,Full Stack Engineering Intern,2025-08-28,"San Francisco, CA",https://www.workatastartup.com/jobs/80610
Cuckoo Labs,Full Stack Engineering Intern,2025-08-28,"San Francisco, CA",https://www.workatastartup.com/jobs/80699
Cua (X25),"Software Engineer Intern, Infra & Agent Systems",2025-08-28,"San Francisco, CA",https://www.workatastartup.com/jobs/79783
CTGT,Software Engineering Intern,2025-08-28,"San Francisco, CA",https://www.workatastartup.com/jobs/80513
Circleback,Software Engineering Intern,2025-08-28,"San Francisco, CA",https://www.workatastartup.com/jobs/80433
Candle,Software Engineering Intern,2025-08-28,"San Francisco, CA",https://www.workatastartup.com/jobs/80438
Athelas,Software Engineering Intern,2025-08-28,"San Francisco, CAMountain View, CA",https://www.workatastartup.com/jobs/80681
Aluminum Dynamics,Software Engineer Intern,2025-08-28,"Columbus, MS",https://careers-aluminumdynamics.icims.com/jobs/6351/job
Verkada,Backend Software Engineering Intern,2025-08-27,"San Mateo, CA",https://job-boards.greenhouse.io/verkada/jobs/4836993007?gh_src=cda0ce657us
Verkada,Frontend Software Engineering Intern,2025-08-27,"San Mateo, CA",https://job-boards.greenhouse.io/verkada/jobs/4840368007?gh_src=cda0ce657us
Oracle,"Advanced Degree Software Engineer Intern, Database Technologies",2025-08-27,"Redwood Shores, CA",https://careers.oracle.com/en/sites/jobsearch/job/306080/?keyword=Intern&lastSelectedFacet=AttributeChar4&mode=location
Oracle,"Advanced Degree Software Engineer Intern, Fusion",2025-08-27,"Redwood City, CAPleasanton, CASanta Clara, CA",https://careers.oracle.com/en/sites/jobsearch/job/305903/?keyword=Intern&mode=location
Oracle,"Advanced Degree Software Engineer Intern, Oracle Health & Analytics",2025-08-27,"**4 locations**Seattle, WARedwood City, CASanta Clara, CAPleasanton, CA",https://careers.oracle.com/en/sites/jobsearch/job/306097/?keyword=Intern&mode=location
Kodak,Web Developer Intern,2025-08-27,United States,https://careers.kodak.com/job/USA-Web-Developer-Intern-CA/1320436300/
Kingland,Advanced Software Engineering Intern,2025-08-27,"Ames, IAClear Lake, IAFort Myers, FL",https://recruiting2.ultipro.com/KIN1010KNGL/JobBoard/f915a6d0-9b98-4b5e-992b-83828a3d66d6/OpportunityDetail?opportunityId=f6072d74-9ed1-4eab-9525-8b0551691787
IBM,Back End Developer Intern,2025-08-27,"**14 locations**Sandy Springs, GAPoughkeepsie, NYLowell, MARochester, MNTucson, AZResearch Triangle Park, NCDurham, NCHopewell Junction, NYSan Jose, CADallas, TXHouston, TXAustin, TXHerndon, VANew York, NY",https://ibmglobal.avature.net/en_US/careers/JobDetail?jobId=55372&source=WEB_Search_NA&tags=&user=&formValues=
Hewlett Packard Enterprise,Software Engineering Intern,2025-08-27,"Roseville, CA",https://careers.hpe.com/us/en/job/1193025/Software-Engineering-Intern
Epic Games,Software Engineer Intern,2025-08-27,"Cary, NC",https://www.epicgames.com/site/en-US/careers/jobs/5623220004
Commure,Software Engineering Intern,2025-08-27,"Mountain View, CA",https://jobs.ashbyhq.com/Commure-Athelas/566a84fb-d93e-4177-ac07-3c16d3ae8e8d
CGI,Software Developer Intern,2025-08-27,"St. Louis, MO",https://cgi.njoyn.com/corp/xweb/xweb.asp?clid=21001&page=jobdetails&jobid=J0825-1620
Bessemer Trust,Software Engineering Intern,2025-08-27,"Woodbridge, NJ",https://myjobs.adp.com/bessemer/cx/job-details?reqId=5001145764006
Analog Devices,"Embedded Software Intern, Analog Garage PST",2025-08-27,"Boston, MA",https://analogdevices.wd1.myworkdayjobs.com/en-US/External/job/US-MA-Boston/Embedded-Software-Intern_R255237
Amazon,Data Engineer Co-op Intern,2025-08-27,"Seattle, WA",https://www.amazon.jobs/en/jobs/3066625/data-engineer-internship-2026-us
Zebra,AVS Mobile Software Engineer Intern,2025-08-26,"Lincolnshire, IL",https://careers.zebra.com/careers/job/343627780597
Spectrum,Associate Software Developer Intern,2025-08-26,"Maryland Heights, MO",https://jobs.spectrum.com/job/maryland-heights/2026-summer-intern-associate-software-developer/4673/85449990864
SciPlay,Software Engineering Intern,2025-08-26,"Cedar Falls, IA",https://lnw.wd5.myworkdayjobs.com/SciPlayExternalCareersSite/job/Cedar-Falls-IA/Software-Engineering-Intern_R320481
Nuro,"Software Engineering Intern, Mapping & Localization",2025-08-26,"Mountain View, CA",https://boards.greenhouse.io/embed/job_app?token=6562194
Abridge,Full Stack Engineering Intern,2025-08-26,"San Francisco, CA",https://jobs.ashbyhq.com/abridge/5a73a97b-d2c4-4cf3-8fce-081b3cb92a3b
Trane Technologies,Systems Engineer Intern,2025-08-25,"St Paul, MN",https://careers.tranetechnologies.com/global/en/job/2505323/Systems-Engineer-Intern
Google,"Software Engineering Intern, BS",2025-08-25,"**30 locations**Mountain View, CAAtlanta, GAAustin, TXBoulder, COCambridge, MABellevue, WAChicago, ILIrvine, CAKirkland, WALos Angeles, CAMadison, WINew York, NYPalo Alto, CAPortland, ORPittsburgh, PARaleigh, NCDurham, NCReston, VARedmond, WARedwood City, CASan Diego, CAGoleta, CASan Bruno, CASeattle, WASan Francisco, CASan Jose, CASanta Cruz, CASouth San Francisco, CASunnyvale, CAWashington D.C., DC",https://www.google.com/about/careers/applications/jobs/results/75808725415142086-software-engineering-intern-bs-summer-2026
Google,"Software Engineering Intern, MS",2025-08-25,"**30 locations**Mountain View, CAAtlanta, GAAustin, TXBoulder, COCambridge, MABellevue, WAChicago, ILIrvine, CAKirkland, WALos Angeles, CAMadison, WINew York, NYPalo Alto, CAPortland, ORPittsburgh, PARaleigh, NCDurham, NCReston, VARedmond, WARedwood City, CASan Diego, CAGoleta, CASan Bruno, CASeattle, WASan Francisco, CASan Jose, CASanta Cruz, CASouth San Francisco, CASunnyvale, CAWashington D.C., DC",https://www.google.com/about/careers/applications/jobs/results/117118476782314182-software-engineering-intern-ms-summer-2026
Google,"Software Engineering Intern, PhD",2025-08-25,"**30 locations**Mountain View, CAAtlanta, GAAustin, TXBoulder, COCambridge, MABellevue, WAChicago, ILIrvine, CAKirkland, WALos Angeles, CAMadison, WINew York, NYPalo Alto, CAPortland, ORPittsburgh, PARaleigh, NCDurham, NCReston, VARedmond, WARedwood City, CASan Diego, CAGoleta, CASan Bruno, CASeattle, WASan Francisco, CASan Jose, CASanta Cruz, CASouth San Francisco, CASunnyvale, CAWashington D.C., DC",https://www.google.com/about/careers/applications/jobs/results/118106937735684806-software-engineering-intern-phd-summer-2026
Dropbox,Software Engineering Intern,2025-08-25,Remote,https://jobs.dropbox.com/listing/7183241/apply
MITRE,Computer Science or Software Engineering Intern,2025-08-24,"**25 locations**McLean, VABellevue, NEHuntsville, ALAustin, TXQuantico, VATampa, FLBedford, MAFairborn, OHBridgeport, WVSan Antonio, TXDomestic Teleworker, MAColorado Springs, COOffutt AFB, NEAnnapolis Junction, MDGaithersburg, MDSan Diego, CACharlottesville, VAEl Segundo, CALexington Park, MDWindsor, MDShaw AFB, SCHonolulu, HIShrewsbury, NJAberdeen, MDFort Walton Beach, FL",https://careers.mitre.org/us/en/job/MITRUSR115479EXTERNALENUS/Internships-in-Computer-Science-or-Software-Engineering?src=JB-10061&utm_medium=phenom-feeds
Balyasny Asset Management,Software Engineering Intern,2025-08-22,"New York, NY",https://bambusdev.my.site.com/s/details?jobReq=Software-Engineering--Summer-Internship-_REQ6919
IXL Learning,Software Engineer Intern,2025-08-21,"San Mateo, CA",https://www.ixl.com/company/careers?gh_jid=8128629002
empirical,Software Engineering Intern,2025-08-21,"Dakota Dunes, SD",https://careers-empiricalfoods.icims.com/jobs/2972/job
Seagate,Software Engineer Intern,2025-08-19,"Shakopee, MN",https://seagatecareers.com/job/Shakopee-Summer-Intern-Software-Engineer-MN/1318324100/
Figma,Software Engineer Intern,2025-08-19,"San Francisco, CANew York, NY",https://job-boards.greenhouse.io/figma/jobs/5602159004
Figma,Data Engineer Intern,2025-08-19,"San Francisco, CANew York, NY",https://job-boards.greenhouse.io/figma/jobs/5623087004
Cargill,Software Engineer Intern,2025-08-19,"Atlanta, GA",https://careers.cargill.com/en/job/atlanta/software-engineer-intern-summer-2026-atlanta-ga/23251/85180324464
ByteDance,"Software Engineer Intern, Multi-Cloud CDN Platform",2025-08-19,"San Jose, CA",https://joinbytedance.com/search/7538139519473092882
ByteDance,"Software Engineer Intern, Multi-Cloud CDN Platform",2025-08-19,"San Jose, CA",https://joinbytedance.com/search/7538139519473092882?spread=A3T3U6W
PDT Partners,Software Engineering Intern,2025-08-17,"New York, NY",https://job-boards.greenhouse.io/pdtpartners/jobs/7073180
PDT Partners,Systems Engineering Intern,2025-08-17,"New York, NY",https://job-boards.greenhouse.io/pdtpartners/jobs/7158038
Uline,Software Developer Intern,2025-08-15,"Pleasant Prairie, WI",https://www.uline.jobs/JobDetails?jobid=R256032
TransPerfect,Software Engineer Intern,2025-08-15,"New York, NY",https://transperfect.wd5.myworkdayjobs.com/en-US/transperfect/job/US-New-York-NY-1250-Broadway/Software-Engineer-Intern_R2025-242116
TikTok,"Backend Software Engineer Intern, Media Platform",2025-08-15,"San Jose, CA",https://lifeattiktok.com/search/7538301580093720840
TikTok,"Software Engineer Intern, Live Service",2025-08-15,"San Jose, CA",https://lifeattiktok.com/search/7538314547103762696
TikTok,"Backend Software Engineer Intern, Foundation Platform",2025-08-15,"San Jose, CA",https://lifeattiktok.com/search/7538307729329277202
TikTok,"Software Engineer Intern, Media Engine",2025-08-15,"San Jose, CA",https://lifeattiktok.com/search/7538304108715198727
TikTok,"Software Engineer Intern, Video-on-Demand Algorithm",2025-08-15,"San Jose, CA",https://lifeattiktok.com/search/7538304000404244743
Hewlett Packard Enterprise,Firmware Engineer Intern,2025-08-15,"Spring, TX",https://careers.hpe.com/us/en/job/HPE1US1192958EXTERNALENUS/Firmware-Engineer-Intern
Hewlett Packard Enterprise,Software Engineering Intern,2025-08-15,"Spring, TX",https://careers.hpe.com/us/en/job/HPE1US1192961EXTERNALENUS/Software-Engineering-Intern
Adobe,Software Engineer Intern,2025-08-15,"**6 locations**San Jose, CAAustin, TXSan Francisco, CALehi, UTSeattle, WANew York, NY",https://careers.adobe.com/us/en/job/R158531/2026-Intern-Software-Engineer
Microsoft,"Software Engineer Intern, Systems",2025-08-14,"Redmond, WA",https://jobs.careers.microsoft.com/global/en/job/1860982/Software-Engineer%3A-Systems-Intern-Opportunities-for-University-Students%2C-Redmond?amp%3Butm_campaign=Copy-job-share
Microsoft,"Software Engineer Intern, Frontend",2025-08-14,"Redmond, WA",https://jobs.careers.microsoft.com/global/en/job/1861019/Software-Engineer%3A-Frontend-Intern-Opportunities-for-University-Students%2C-Redmond?amp%3Butm_campaign=Copy-job-share
Microsoft,"Software Engineer Intern, AI/ML",2025-08-14,"Redmond, WA",https://jobs.careers.microsoft.com/global/en/job/1860979/Software-Engineer%3A-AI%2FML-Intern-Opportunities-for-University-Students%2C-Redmond?amp%3Butm_campaign=Copy-job-share
Microsoft,"Software Engineer Intern, Security",2025-08-14,"Redmond, WA",https://jobs.careers.microsoft.com/global/en/job/1861017/Software-Engineer%3A-Security-Intern-Opportunities-for-University-Students%2C-Redmond
Microsoft,"Software Engineer Intern, Fullstack",2025-08-14,"Redmond, WA",https://jobs.careers.microsoft.com/global/en/job/1860947/Software-Engineer%3A-Fullstack-Intern-Opportunities-for-University-Students%2C-Redmond
Microsoft,"Software Engineer Intern, Fullstack",2025-08-14,"Atlanta, GA",https://jobs.careers.microsoft.com/global/en/job/1861022/Software-Engineer%3A-Fullstack-Intern-Opportunities-for-University-Students%2C-Atlanta
TetraMem,"Software Intern, Embedded",2025-08-13,"San Jose, CA",https://tetramem.hrmdirect.com/employment/job-opening.php?req=3491042&req_loc=960817&nohd=#job?ref=vansh&utm_source=github-vansh-ouckah
Oklahoma City Thunder,"Software Engineer Intern, Basketball Operations",2025-08-12,Remote,https://www.paycomonline.net/v4/ats/web.php/jobs/ViewJobDetails?job=316815&clientkey=8E7F16AD6654E4ED3797EE9F40DB0A48&source=Indeed
Notion,"Software Engineer Intern, Mobile",2025-08-09,"San Francisco, CANew York, NY",https://jobs.ashbyhq.com/notion/1bda6206-2258-4c1f-a585-ef31ee56f1d4
Notion,"Software Engineer Intern, AI",2025-08-09,"San Francisco, CANew York, NY",https://jobs.ashbyhq.com/notion/5bc8cbb9-4d08-4217-a968-d485d1b39905
Notion,Software Engineer Intern,2025-08-09,"San Francisco, CANew York, NY",https://jobs.ashbyhq.com/notion/23ac2477-0008-4bed-b1c1-81f90a32e9e6
Neuralink,Software Engineer Intern,2025-08-09,"Austin, TXFremont, CA",https://job-boards.greenhouse.io/neuralink/jobs/6672977003?gh_jid=6672977003&gh_src=f6d5520e3us
"Delta Air Lines, Inc.","IT Intern, Software Engineering",2025-08-09,"Atlanta, GA",https://delta.avature.net/en_US/careers/JobDetail/Intern-IT-Software-Engineering-ATL-Summer-2026/29180?jobId=29180
Belvedere Trading,Software Engineering Intern,2025-08-09,"Chicago, ILBoulder, CO",https://jobs.lever.co/belvederetrading/eddfd030-1b27-46db-9ef6-5b65e1e2484c
Xantium,Quantitative Developer Intern,2025-08-08,"New York, NY",https://www.xantium.com/careers/interns_2026/
Ramp,"Software Engineer Intern, Android",2025-08-08,"New York, NYSan Francisco, CA",https://jobs.ashbyhq.com/ramp/67fadb77-43d8-4449-954b-d4cf2c6d3b8b
Ramp,"Software Engineer Intern, iOS",2025-08-08,"New York, NYSan Francisco, CA",https://jobs.ashbyhq.com/ramp/8c155b55-3e7e-48a8-ac98-f988a2b6f4da
Notion,Software Engineer Intern,2025-08-08,"San Francisco, CANew York, NY",https://jobs.ashbyhq.com/notion/23ac2477-0008-4bed-b1c1-81f90a32e9e6
Nicolet National Bank,Software Developer Intern,2025-08-08,"Green Bay, WI",https://recruitingbypaycor.com/career/JobIntroduction.action?clientId=8a7883d0958c3c9401959580867801e4&id=8a7883a89881bb7201988638b55055cf&source=&lang=en&source=Indeed.com
Millennium,"Software Engineer Intern, New York",2025-08-08,"New York, NY",https://campusjobs.mlp.com/careers?pid=755944533187&location=New+York%2C+New+York%2C+United+States+of+America&recommended=1
Databricks,Software Engineering Intern,2025-08-08,"Bellevue, WAMountain View, CASan Francisco, CA",https://www.databricks.com/company/careers/university-recruiting/software-engineering-intern-2026-6865687002
Jump Trading,Software Engineer Intern,2025-08-07,"Chicago, IL",https://www.jumptrading.com/careers/7124769/?gh_jid=7124769
Jump Trading,UI Software Engineer Intern,2025-08-07,"Chicago, IL",https://www.jumptrading.com/careers/7125381/?gh_jid=7125381
Confluent,Software Engineering Intern,2025-08-07,"Austin, TX",https://jobs.ashbyhq.com/confluent/d9ebd50b-967e-4f35-8ebd-f0ce2705136a
Roblox,Software Engineer Intern,2025-08-06,"San Mateo, CA",https://careers.roblox.com/jobs/7114765?fbclid=PAZXh0bgNhZW0CMTEAAacJ6fn8yHQ6R-Xp_hftOF2j9kC4QiKk5Q_8hTSWMPHEkd9N_hiA62Myxz0ULA_aem_yhDi7BqGgqyKbKlnOnSspw
Confluent,Software Engineering Intern,2025-08-06,"Austin, TX",https://jobs.ashbyhq.com/confluent/d9ebd50b-967e-4f35-8ebd-f0ce2705136a/application
TikTok,"Software Engineer Intern, Intelligent Creation - Generative AI and Graphics",2025-08-04,"San Jose, CA",https://lifeattiktok.com/search/7533029779479791890?spread=XKM9ZXE
Talos,"Software Engineer Intern, Backend, Dealer",2025-08-04,"New York, NY",https://jobs.ashbyhq.com/Talos-Trading/fcd4b58b-19fc-47f2-8c7a-a9aa149ebeb1
Talos,"Software Engineer Intern, Backend, PMS",2025-08-04,"New York, NY",https://jobs.ashbyhq.com/Talos-Trading/f3d358c4-54e2-4cc8-afe2-8474fa13320b
Talos,"Software Engineer Intern, Front-End, PMS",2025-08-04,"New York, NY",https://jobs.ashbyhq.com/Talos-Trading/2db01769-8f00-4652-b790-b7cff80bc891
DV Group,"Software Development Intern, DV Commodities",2025-08-04,"New York, NY",https://job-boards.greenhouse.io/dvtrading/jobs/4589611005
TikTok,"Software Engineer Intern, Data Ecosystem",2025-08-02,"San Jose, CA",https://lifeattiktok.com/search/7533388869200333074?spread=XKM9ZXE
Ramp,"Software Engineer Intern, Backend",2025-08-02,"New York, NY",https://jobs.ashbyhq.com/ramp/c50962b5-c641-4d44-bbe5-7f1d6e7ce51f
Ramp,"Software Engineer Intern, Frontend",2025-08-02,"New York, NY",https://jobs.ashbyhq.com/ramp/31f7e045-9a51-4a75-9ffc-d815d6db6daa
DV Commodities,Software Development Intern,2025-08-02,New York,https://job-boards.greenhouse.io/dvtrading/jobs/4589611005?gh_src=5734qado5us
Altruist,Software Engineering Intern,2025-08-02,"San Francisco, CA",http://altruist.com/join-altruist/?gh_jid=5601833004
New York Life Insurance,Software Engineer Intern,2025-07-31,"New York, NY",https://careers.newyorklife.com/careers?query=%23Techcampus&location=any&pid=30149944&domain=newyorklife.com&sort_by=relevance
Baseten,Software Engineering Intern,2025-07-31,"New York, NYSan Francisco, CA",https://jobs.ashbyhq.com/baseten/4e6757f3-74c0-4d3d-9b0b-eb56ab561c37
Neuralink,Firmware Engineer Intern,2025-07-30,"Fremont, CA",https://job-boards.greenhouse.io/neuralink/jobs/6648992003
Leonardo DRS,Embedded Software Engineer Intern,2025-07-30,"Bridgeton, MO",https://careers.leonardodrs.com/job/Bridgeton-Embedded-Software-Engineer-Intern-MO-63044/1311812900/?jobPipeline=Indeed
Harmonic,Software Engineer Intern,2025-07-30,"New York, NY",https://job-boards.greenhouse.io/harmonic/jobs/4591178005
GIMLET LABS,Software Engineer Intern,2025-07-30,"San Francisco, CA",https://jobs.ashbyhq.com/gimlet/23e10dd6-e7c5-43f0-b14e-54ab999fccd9
Fable Security,Software Engineering Intern,2025-07-30,"San Francisco, CA",https://jobs.ashbyhq.com/fable/3fd04c23-a63d-4b40-bfae-feafaa478caf
TikTok,"Software Engineer Intern, Global CRM",2025-07-29,"San Jose, CA",https://lifeattiktok.com/search/7532247736243865864
TikTok,"Frontend Engineer Intern, Trust and Safety-Engineering-Data Product & General Service",2025-07-29,"San Jose, CA",https://lifeattiktok.com/search/7527615375778416914
TikTok,"Software Engineer Intern, Trust and Safety -Engineer-AI Safety",2025-07-29,"San Jose, CA",https://lifeattiktok.com/search/7527618943449909522
TikTok,"Frontend Engineer Intern, Trust and Safety-Engineering-Risk & Response",2025-07-29,Seattle,https://lifeattiktok.com/search/7527613337334188306
TikTok,"Software Engineer Intern, Trust and Safety - Algorithm Engineering",2025-07-29,"San Jose, CA",https://lifeattiktok.com/search/7527589796526754066
TikTok,"Software Engineer Intern, Trust and Safety - Engineering-Core Safety",2025-07-29,"Seattle, WA",https://lifeattiktok.com/search/7527609404540389650
TikTok,"Backend Software Engineer Intern, Trust and Safety-Engineering-Risk & Response",2025-07-29,"Seattle, WA",https://lifeattiktok.com/search/7527614432525306130
TikTok,"Software Development Test Engineer Intern, Trust and Safety - QA",2025-07-29,"San Jose, CA",https://lifeattiktok.com/search/7527618094643759367
EControls,IoT Software Developer Intern,2025-07-29,"San Antonio, TX",https://econtrols.applytojob.com/apply/CPny6ePXTz/IoT-Software-Developer-Intern-Summer-2026?referrer=20250726200811ZNQDWWSCFMG3YER8
Hudson River Trading,Software Engineering Intern,2025-07-28,"New York, NY",https://www.hudsonrivertrading.com/hrt-job/software-engineering-internship-summer-2026-2/
Virtu,Software Engineer Intern,2025-07-24,"Austin, TXNew York, NY",https://job-boards.greenhouse.io/virtu/jobs/7848570002
Inogen,Firmware Engineering Intern,2025-07-24,"Plano, TX",https://careers.inogen.com/jobs/16468940-firmware-engineering-intern?tm_job=1456&tm_event=view&tm_company=89058
The Trade Desk,Software Engineering Intern,2025-07-22,"**5 locations**Boulder, CODenver, COIrvine, CABellevue, WANew York, NY",https://job-boards.greenhouse.io/thetradedesk/jobs/4787577007
Asana,Software Engineer Intern,2025-07-22,"San Francisco, CA",https://asana.com/jobs/apply/7078079?gh_jid=7078079
Asana,Software Engineer Intern,2025-07-22,"New York, NY",https://asana.com/jobs/apply/7078082?gh_jid=7078082
Neuralink,Firmware Engineer Intern,2025-07-16,"Fremont, CA",https://job-boards.greenhouse.io/neuralink/jobs/6648992003
Five Rings,Software Developer Intern,2025-07-16,"New York, NY",https://job-boards.greenhouse.io/fiveringsllc/jobs/4806713008
Susquehanna,Software Engineering Intern,2025-07-14,"Bala Cynwyd, PA",https://careers.sig.com/job/SUSQA004Y9571?mode=apply
Chicago Trading Company,Software Engineer Intern,2025-07-14,"Chicago, ILNew York, NY",https://grnh.se/p32j1zwl5us
Akuna Capital,"Software Engineer Intern, C++",2025-07-14,"Chicago, IL",https://akunacapital.com/job-details?gh_jid=6996427
Akuna Capital,"Software Engineer Intern, Python",2025-07-14,"Chicago, IL",https://akunacapital.com/job-details?gh_jid=7055471
Tower Research Capital,Software Developer Intern,2025-07-13,New York,https://tower-research.com/open-positions/?gh_jid=6790327
Jane Street,"Linux Engineer Intern, IT and Systems Engineering",2025-07-10,"New York, NY",https://www.janestreet.com/join-jane-street/position/8062907002/
Jane Street,Software Engineer Intern,2025-07-10,"New York, NY",https://www.janestreet.com/join-jane-street/position/8040547002/
Susquehanna,Quantitative Strategy Developer Intern,2025-07-02,"Bala Cynwyd, PA",https://careers.sig.com/job/9532/Quantitative-Strategy-Developer-Internship-Summer-2026
Optiver,Software Engineer Intern,2025-07-02,"Chicago, IL",https://optiver.com/working-at-optiver/career-opportunities/7973726002/?gh_src=9fb491cd2
Citadel Securities,Software Engineer Intern,2025-07-02,"Miami, FLNew York, NY",https://www.citadelsecurities.com/careers/details/software-engineer-intern-us/
Citadel,Software Engineer Intern,2025-07-02,"**4 locations**Chicago, ILMiami, FLNew York, NYHouston, TX",https://www.citadel.com/careers/details/software-engineer-intern-us/
Palantir,"Software Engineer Intern, Infrastructure",2025-07-01,"New York, NY",https://jobs.lever.co/palantir/b229baac-494b-4a0d-9a13-2e38806e06f3
Palantir,Software Engineer Intern,2025-07-01,"Palo Alto, CA",https://jobs.lever.co/palantir/e27af7ab-41fc-40c9-b31d-02c6cb1c505c
Palantir,Software Engineer Intern,2025-07-01,"Denver, CO",https://jobs.lever.co/palantir/373eb939-6f57-4836-8479-be79a5e07249
Palantir,"Forward Deployed Software Engineer Intern, Commercial",2025-07-01,"New York, NY",https://jobs.lever.co/palantir/4d29249a-d7e8-4c39-880d-3b35d7b2f6f6
Palantir,Software Engineer Intern,2025-07-01,"New York, NY",https://jobs.lever.co/palantir/7d69cf8a-06fd-4f05-bd84-27149db29c4d
Palantir,Software Engineer Intern,2025-07-01,"Seattle, WA",https://jobs.lever.co/palantir/2fb19022-bb65-4af8-b6fa-31beb345c140
Palantir,Software Engineer Intern,2025-07-01,"Washington D.C, DC",https://jobs.lever.co/palantir/bdcfb29f-4f27-42de-933f-7f83a359b9f0
Palantir,"Software Engineer Intern, Production Infrastructure",2025-07-01,"New York, NY",https://jobs.lever.co/palantir/37964982-9b4c-471e-a1d8-fb8f45d7f116
Palantir,"Software Engineer Intern, Production Infrastructure",2025-07-01,"Seattle, WA",https://jobs.lever.co/palantir/373367a9-3160-49d8-b7af-2efec062fad1
Optiver,Software Engineer Intern,2025-07-01,"Austin, TX",https://optiver.com/working-at-optiver/career-opportunities/7973725002/?gh_src=9fb491cd2
IMC,Software Engineer Intern,2025-07-01,"Chicago, IL",https://www.imc.com/us/careers/jobs/4580810101/
Morgan Stanley,"SWE Intern, Data Analyst Intern",2025-06-24,"New York, NY",https://morganstanley.tal.net/vx/candidate/apply/19159
D. E. Shaw,Software Developer Intern,2025-06-24,"New York, NY",https://www.deshaw.com/careers/software-developer-intern-new-york-summer-2026-5521
Bank of America,Software Engineer Summer Analyst Intern,2025-06-16,"Charlotte, NCChicago, ILDallas, TX",https://careers.bankofamerica.com/en-us/students/job-detail/12942/global-technology-summer-analyst-2026-software-engineer-multiple-locations
TransMarket Group,Systems Engineer Intern,2025-06-05,"Chicago, IL",https://job-boards.greenhouse.io/transmarketgroup/jobs/4749924007?gh_jid=4749924007
N1,Software Engineer Intern (Fullstack),2025-06-05,New York,https://jobs.ashbyhq.com/n1/b531e33f-d1c2-4892-b6b7-13ce22569578
N1,"Software Engineer Intern (Backend, Rust)",2025-06-05,New York,https://jobs.ashbyhq.com/n1/afe7deb5-9cfd-4926-bcb4-058d418592a6
Apple,Software Engineering Intern,2025-06-01,United States,https://jobs.apple.com/en-us/details/200606145/software-engineering-internships?team=STDNT
Point72,Quantitative Developer Intern,2025-05-24,"New York, NY",https://job-boards.greenhouse.io/point72/jobs/7297613002
Aquatic Capital Management,Software Engineer Intern,2025-05-24,"Chicago, IL",https://job-boards.greenhouse.io/aquaticcapitalmanagement/jobs/7990895002
